timestamp	temperature [Â°C]	rainfall [mm]
2022-08-01T00:00:00.000+09:00	28.7	0
2022-08-01T01:00:00.000+09:00	28.3	0
2022-08-01T02:00:00.000+09:00	27.4	0
2022-08-01T03:00:00.000+09:00	27.5	0
2022-08-01T04:00:00.000+09:00	27.8	0
2022-08-01T05:00:00.000+09:00	27.3	0
2022-08-01T06:00:00.000+09:00	27.8	0.0
2022-08-01T07:00:00.000+09:00	27.9	0.0
2022-08-01T08:00:00.000+09:00	31.1	0
2022-08-01T09:00:00.000+09:00	32.0	0
2022-08-01T10:00:00.000+09:00	33.3	0
2022-08-01T11:00:00.000+09:00	34.2	0
2022-08-01T12:00:00.000+09:00	34.0	0
2022-08-01T13:00:00.000+09:00	34.7	0
2022-08-01T14:00:00.000+09:00	34.5	0
2022-08-01T15:00:00.000+09:00	33.7	0
2022-08-01T16:00:00.000+09:00	33.4	0
2022-08-01T17:00:00.000+09:00	32.4	0
2022-08-01T18:00:00.000+09:00	31.3	0
2022-08-01T19:00:00.000+09:00	30.1	0
2022-08-01T20:00:00.000+09:00	30.1	0
2022-08-01T21:00:00.000+09:00	29.1	0
2022-08-01T22:00:00.000+09:00	28.7	0
2022-08-01T23:00:00.000+09:00	28.6	0
2022-08-02T00:00:00.000+09:00	30.1	0
2022-08-02T01:00:00.000+09:00	28.8	0
2022-08-02T02:00:00.000+09:00	28.5	0
2022-08-02T03:00:00.000+09:00	28.1	0.0
2022-08-02T04:00:00.000+09:00	28.9	0.0
2022-08-02T05:00:00.000+09:00	28.3	0
2022-08-02T06:00:00.000+09:00	28.6	0
2022-08-02T07:00:00.000+09:00	29.5	0
2022-08-02T08:00:00.000+09:00	31.6	0
2022-08-02T09:00:00.000+09:00	33.0	0
2022-08-02T10:00:00.000+09:00	34.0	0
2022-08-02T11:00:00.000+09:00	34.1	0
2022-08-02T12:00:00.000+09:00	34.6	0
2022-08-02T13:00:00.000+09:00	34.6	0
2022-08-02T14:00:00.000+09:00	35.2	0
2022-08-02T15:00:00.000+09:00	35.2	0
2022-08-02T16:00:00.000+09:00	34.4	0
2022-08-02T17:00:00.000+09:00	34.3	0
2022-08-02T18:00:00.000+09:00	33.4	0
2022-08-02T19:00:00.000+09:00	32.1	0
2022-08-02T20:00:00.000+09:00	31.4	0
2022-08-02T21:00:00.000+09:00	31.0	0
2022-08-02T22:00:00.000+09:00	30.0	0
2022-08-02T23:00:00.000+09:00	29.5	0
2022-08-03T00:00:00.000+09:00	29.3	0
2022-08-03T01:00:00.000+09:00	29.1	0
2022-08-03T02:00:00.000+09:00	28.9	0
2022-08-03T03:00:00.000+09:00	28.3	0
2022-08-03T04:00:00.000+09:00	29.5	0
2022-08-03T05:00:00.000+09:00	29.1	0
2022-08-03T06:00:00.000+09:00	29.0	0
2022-08-03T07:00:00.000+09:00	30.4	0
2022-08-03T08:00:00.000+09:00	31.4	0
2022-08-03T09:00:00.000+09:00	32.8	0
2022-08-03T10:00:00.000+09:00	34.0	0
2022-08-03T11:00:00.000+09:00	35.5	0
2022-08-03T12:00:00.000+09:00	34.7	0
2022-08-03T13:00:00.000+09:00	35.4	0
2022-08-03T14:00:00.000+09:00	33.5	0
2022-08-03T15:00:00.000+09:00	32.2	0.0
2022-08-03T16:00:00.000+09:00	31.1	0.0
2022-08-03T17:00:00.000+09:00	32.5	0
2022-08-03T18:00:00.000+09:00	31.2	0
2022-08-03T19:00:00.000+09:00	31.4	0
2022-08-03T20:00:00.000+09:00	30.8	0
2022-08-03T21:00:00.000+09:00	31.9	0
2022-08-03T22:00:00.000+09:00	31.9	0
2022-08-03T23:00:00.000+09:00	31.0	0
2022-08-04T00:00:00.000+09:00	29.3	0
2022-08-04T01:00:00.000+09:00	29.0	0
2022-08-04T02:00:00.000+09:00	26.9	0
2022-08-04T03:00:00.000+09:00	25.8	0.0
2022-08-04T04:00:00.000+09:00	24.6	0.5
2022-08-04T05:00:00.000+09:00	24.7	0
2022-08-04T06:00:00.000+09:00	24.5	0.0
2022-08-04T07:00:00.000+09:00	24.6	0.0
2022-08-04T08:00:00.000+09:00	25.3	0.0
2022-08-04T09:00:00.000+09:00	25.3	0.0
2022-08-04T10:00:00.000+09:00	25.2	0
2022-08-04T11:00:00.000+09:00	24.5	0.5
2022-08-04T12:00:00.000+09:00	25.0	0.0
2022-08-04T13:00:00.000+09:00	25.2	0.0
2022-08-04T14:00:00.000+09:00	26.3	0.0
2022-08-04T15:00:00.000+09:00	25.5	0
2022-08-04T16:00:00.000+09:00	25.8	0.0
2022-08-04T17:00:00.000+09:00	24.4	0.0
2022-08-04T18:00:00.000+09:00	23.5	11.5
2022-08-04T19:00:00.000+09:00	22.7	4.0
2022-08-04T20:00:00.000+09:00	22.6	0.0
2022-08-04T21:00:00.000+09:00	22.5	0.5
2022-08-04T22:00:00.000+09:00	22.4	0.0
2022-08-04T23:00:00.000+09:00	22.5	0.0
2022-08-05T00:00:00.000+09:00	22.3	1.0
2022-08-05T01:00:00.000+09:00	22.4	0.0
2022-08-05T02:00:00.000+09:00	22.1	0.0
2022-08-05T03:00:00.000+09:00	22.1	0
2022-08-05T04:00:00.000+09:00	21.8	0.0
2022-08-05T05:00:00.000+09:00	21.9	0.0
2022-08-05T06:00:00.000+09:00	22.2	0
2022-08-05T07:00:00.000+09:00	22.9	0
2022-08-05T08:00:00.000+09:00	22.5	0.0
2022-08-05T09:00:00.000+09:00	23.7	0
2022-08-05T10:00:00.000+09:00	24.0	0
2022-08-05T11:00:00.000+09:00	25.0	0
2022-08-05T12:00:00.000+09:00	25.3	0
2022-08-05T13:00:00.000+09:00	25.7	0
2022-08-05T14:00:00.000+09:00	26.6	0
2022-08-05T15:00:00.000+09:00	26.0	0
2022-08-05T16:00:00.000+09:00	25.7	0
2022-08-05T17:00:00.000+09:00	25.3	0
2022-08-05T18:00:00.000+09:00	24.9	0
2022-08-05T19:00:00.000+09:00	24.3	0
2022-08-05T20:00:00.000+09:00	23.8	0
2022-08-05T21:00:00.000+09:00	23.6	0
2022-08-05T22:00:00.000+09:00	23.4	0
2022-08-05T23:00:00.000+09:00	23.0	0
2022-08-06T00:00:00.000+09:00	22.9	0
2022-08-06T01:00:00.000+09:00	22.7	0
2022-08-06T02:00:00.000+09:00	22.8	0
2022-08-06T03:00:00.000+09:00	22.4	0
2022-08-06T04:00:00.000+09:00	22.6	0
2022-08-06T05:00:00.000+09:00	22.5	0
2022-08-06T06:00:00.000+09:00	22.6	0
2022-08-06T07:00:00.000+09:00	22.8	0
2022-08-06T08:00:00.000+09:00	23.5	0
2022-08-06T09:00:00.000+09:00	24.6	0
2022-08-06T10:00:00.000+09:00	25.3	0
2022-08-06T11:00:00.000+09:00	26.3	0
2022-08-06T12:00:00.000+09:00	27.4	0
2022-08-06T13:00:00.000+09:00	27.0	0
2022-08-06T14:00:00.000+09:00	27.7	0
2022-08-06T15:00:00.000+09:00	27.7	0
2022-08-06T16:00:00.000+09:00	28.0	0
2022-08-06T17:00:00.000+09:00	27.0	0
2022-08-06T18:00:00.000+09:00	26.4	0
2022-08-06T19:00:00.000+09:00	26.2	0
2022-08-06T20:00:00.000+09:00	26.2	0
2022-08-06T21:00:00.000+09:00	26.1	0
2022-08-06T22:00:00.000+09:00	25.6	0
2022-08-06T23:00:00.000+09:00	25.2	0
2022-08-07T00:00:00.000+09:00	25.1	0
2022-08-07T01:00:00.000+09:00	24.7	0.0
2022-08-07T02:00:00.000+09:00	24.9	0
2022-08-07T03:00:00.000+09:00	24.8	0
2022-08-07T04:00:00.000+09:00	24.7	0
2022-08-07T05:00:00.000+09:00	25.1	0
2022-08-07T06:00:00.000+09:00	25.1	0
2022-08-07T07:00:00.000+09:00	25.6	0
2022-08-07T08:00:00.000+09:00	26.9	0
2022-08-07T09:00:00.000+09:00	27.0	0
2022-08-07T10:00:00.000+09:00	27.4	0
2022-08-07T11:00:00.000+09:00	29.4	0
2022-08-07T12:00:00.000+09:00	28.4	0
2022-08-07T13:00:00.000+09:00	29.9	0
2022-08-07T14:00:00.000+09:00	32.2	0
2022-08-07T15:00:00.000+09:00	31.2	0
2022-08-07T16:00:00.000+09:00	30.3	0
2022-08-07T17:00:00.000+09:00	29.4	0
2022-08-07T18:00:00.000+09:00	29.0	0
2022-08-07T19:00:00.000+09:00	28.4	0
2022-08-07T20:00:00.000+09:00	28.0	0
2022-08-07T21:00:00.000+09:00	27.2	0
2022-08-07T22:00:00.000+09:00	27.3	0
2022-08-07T23:00:00.000+09:00	27.3	0
2022-08-08T00:00:00.000+09:00	27.2	0
2022-08-08T01:00:00.000+09:00	27.0	0
2022-08-08T02:00:00.000+09:00	27.1	0
2022-08-08T03:00:00.000+09:00	26.6	0
2022-08-08T04:00:00.000+09:00	26.6	0
2022-08-08T05:00:00.000+09:00	26.3	0
2022-08-08T06:00:00.000+09:00	27.0	0
2022-08-08T07:00:00.000+09:00	28.2	0
2022-08-08T08:00:00.000+09:00	29.8	0
2022-08-08T09:00:00.000+09:00	31.8	0
2022-08-08T10:00:00.000+09:00	31.7	0
2022-08-08T11:00:00.000+09:00	32.6	0
2022-08-08T12:00:00.000+09:00	33.0	0
2022-08-08T13:00:00.000+09:00	32.2	0
2022-08-08T14:00:00.000+09:00	33.2	0
2022-08-08T15:00:00.000+09:00	32.6	0
2022-08-08T16:00:00.000+09:00	32.1	0
2022-08-08T17:00:00.000+09:00	31.2	0
2022-08-08T18:00:00.000+09:00	30.2	0
2022-08-08T19:00:00.000+09:00	29.7	0
2022-08-08T20:00:00.000+09:00	29.6	0
2022-08-08T21:00:00.000+09:00	29.4	0
2022-08-08T22:00:00.000+09:00	29.3	0
2022-08-08T23:00:00.000+09:00	28.9	0
2022-08-09T00:00:00.000+09:00	28.7	0
2022-08-09T01:00:00.000+09:00	28.5	0
2022-08-09T02:00:00.000+09:00	28.5	0
2022-08-09T03:00:00.000+09:00	28.1	0
2022-08-09T04:00:00.000+09:00	28.1	0
2022-08-09T05:00:00.000+09:00	28.2	0
2022-08-09T06:00:00.000+09:00	28.3	0
2022-08-09T07:00:00.000+09:00	29.5	0
2022-08-09T08:00:00.000+09:00	31.1	0
2022-08-09T09:00:00.000+09:00	32.2	0
2022-08-09T10:00:00.000+09:00	33.2	0
2022-08-09T11:00:00.000+09:00	34.0	0
2022-08-09T12:00:00.000+09:00	34.6	0
2022-08-09T13:00:00.000+09:00	35.0	0
2022-08-09T14:00:00.000+09:00	34.4	0
2022-08-09T15:00:00.000+09:00	34.1	0
2022-08-09T16:00:00.000+09:00	33.1	0
2022-08-09T17:00:00.000+09:00	32.3	0
2022-08-09T18:00:00.000+09:00	31.2	0
2022-08-09T19:00:00.000+09:00	30.4	0
2022-08-09T20:00:00.000+09:00	29.9	0
2022-08-09T21:00:00.000+09:00	29.5	0
2022-08-09T22:00:00.000+09:00	29.3	0
2022-08-09T23:00:00.000+09:00	29.3	0
2022-08-10T00:00:00.000+09:00	28.9	0
2022-08-10T01:00:00.000+09:00	28.7	0
2022-08-10T02:00:00.000+09:00	28.7	0
2022-08-10T03:00:00.000+09:00	28.5	0
2022-08-10T04:00:00.000+09:00	28.2	0
2022-08-10T05:00:00.000+09:00	27.8	0
2022-08-10T06:00:00.000+09:00	28.0	0
2022-08-10T07:00:00.000+09:00	29.6	0
2022-08-10T08:00:00.000+09:00	31.2	0
2022-08-10T09:00:00.000+09:00	32.5	0
2022-08-10T10:00:00.000+09:00	33.4	0
2022-08-10T11:00:00.000+09:00	34.3	0
2022-08-10T12:00:00.000+09:00	34.3	0
2022-08-10T13:00:00.000+09:00	34.3	0
2022-08-10T14:00:00.000+09:00	33.8	0
2022-08-10T15:00:00.000+09:00	33.6	0
2022-08-10T16:00:00.000+09:00	32.6	0
2022-08-10T17:00:00.000+09:00	31.3	0
2022-08-10T18:00:00.000+09:00	30.2	0
2022-08-10T19:00:00.000+09:00	29.6	0
2022-08-10T20:00:00.000+09:00	28.7	0
2022-08-10T21:00:00.000+09:00	28.5	0
2022-08-10T22:00:00.000+09:00	28.7	0
2022-08-10T23:00:00.000+09:00	28.2	0
2022-08-11T00:00:00.000+09:00	28.1	0
2022-08-11T01:00:00.000+09:00	27.6	0
2022-08-11T02:00:00.000+09:00	27.6	0
2022-08-11T03:00:00.000+09:00	27.5	0
2022-08-11T04:00:00.000+09:00	27.1	0
2022-08-11T05:00:00.000+09:00	27.0	0
2022-08-11T06:00:00.000+09:00	27.8	0
2022-08-11T07:00:00.000+09:00	29.4	0
2022-08-11T08:00:00.000+09:00	31.0	0
2022-08-11T09:00:00.000+09:00	31.2	0
2022-08-11T10:00:00.000+09:00	32.6	0
2022-08-11T11:00:00.000+09:00	32.2	0
2022-08-11T12:00:00.000+09:00	32.0	0
2022-08-11T13:00:00.000+09:00	31.0	0
2022-08-11T14:00:00.000+09:00	33.1	0
2022-08-11T15:00:00.000+09:00	31.9	0
2022-08-11T16:00:00.000+09:00	30.7	0
2022-08-11T17:00:00.000+09:00	30.0	0
2022-08-11T18:00:00.000+09:00	29.3	0
2022-08-11T19:00:00.000+09:00	28.7	0
2022-08-11T20:00:00.000+09:00	28.4	0
2022-08-11T21:00:00.000+09:00	28.2	0
2022-08-11T22:00:00.000+09:00	28.1	0
2022-08-11T23:00:00.000+09:00	28.0	0
2022-08-12T00:00:00.000+09:00	27.8	0
2022-08-12T01:00:00.000+09:00	27.8	0
2022-08-12T02:00:00.000+09:00	27.5	0
2022-08-12T03:00:00.000+09:00	27.7	0
2022-08-12T04:00:00.000+09:00	27.4	0.0
2022-08-12T05:00:00.000+09:00	27.1	0
2022-08-12T06:00:00.000+09:00	27.6	0
2022-08-12T07:00:00.000+09:00	28.7	0
2022-08-12T08:00:00.000+09:00	28.0	0.0
2022-08-12T09:00:00.000+09:00	30.6	0.0
2022-08-12T10:00:00.000+09:00	29.8	0.0
2022-08-12T11:00:00.000+09:00	28.3	1.0
2022-08-12T12:00:00.000+09:00	30.1	0.0
2022-08-12T13:00:00.000+09:00	30.7	0.0
2022-08-12T14:00:00.000+09:00	30.7	0.0
2022-08-12T15:00:00.000+09:00	29.9	0
2022-08-12T16:00:00.000+09:00	29.6	0
2022-08-12T17:00:00.000+09:00	29.4	0
2022-08-12T18:00:00.000+09:00	28.6	0
2022-08-12T19:00:00.000+09:00	28.4	0.0
2022-08-12T20:00:00.000+09:00	25.8	0.5
2022-08-12T21:00:00.000+09:00	25.9	0.5
2022-08-12T22:00:00.000+09:00	26.4	0.0
2022-08-12T23:00:00.000+09:00	27.0	0.0
2022-08-13T00:00:00.000+09:00	27.1	0
2022-08-13T01:00:00.000+09:00	27.1	0.0
2022-08-13T02:00:00.000+09:00	27.5	0.0
2022-08-13T03:00:00.000+09:00	27.2	0.0
2022-08-13T04:00:00.000+09:00	26.1	0.5
2022-08-13T05:00:00.000+09:00	25.3	0.5
2022-08-13T06:00:00.000+09:00	24.2	1.0
2022-08-13T07:00:00.000+09:00	25.4	0.0
2022-08-13T08:00:00.000+09:00	26.7	0
2022-08-13T09:00:00.000+09:00	28.3	0.0
2022-08-13T10:00:00.000+09:00	28.3	0
2022-08-13T11:00:00.000+09:00	26.2	0.0
2022-08-13T12:00:00.000+09:00	24.2	11.5
2022-08-13T13:00:00.000+09:00	24.7	0.0
2022-08-13T14:00:00.000+09:00	24.7	1.0
2022-08-13T15:00:00.000+09:00	24.5	0.5
2022-08-13T16:00:00.000+09:00	24.7	1.0
2022-08-13T17:00:00.000+09:00	24.6	3.5
2022-08-13T18:00:00.000+09:00	24.6	10.0
2022-08-13T19:00:00.000+09:00	25.1	11.5
2022-08-13T20:00:00.000+09:00	24.8	5.5
2022-08-13T21:00:00.000+09:00	24.5	1.0
2022-08-13T22:00:00.000+09:00	24.4	0.0
2022-08-13T23:00:00.000+09:00	24.4	0.0
2022-08-14T00:00:00.000+09:00	23.8	0
2022-08-14T01:00:00.000+09:00	23.9	0
2022-08-14T02:00:00.000+09:00	24.1	0
2022-08-14T03:00:00.000+09:00	24.2	0
2022-08-14T04:00:00.000+09:00	24.9	0
2022-08-14T05:00:00.000+09:00	25.1	0
2022-08-14T06:00:00.000+09:00	25.5	0
2022-08-14T07:00:00.000+09:00	25.5	0.0
2022-08-14T08:00:00.000+09:00	26.9	0.0
2022-08-14T09:00:00.000+09:00	27.6	0
2022-08-14T10:00:00.000+09:00	29.4	0
2022-08-14T11:00:00.000+09:00	29.9	0
2022-08-14T12:00:00.000+09:00	30.9	0
2022-08-14T13:00:00.000+09:00	32.3	0
2022-08-14T14:00:00.000+09:00	32.5	0
2022-08-14T15:00:00.000+09:00	31.8	0
2022-08-14T16:00:00.000+09:00	32.4	0
2022-08-14T17:00:00.000+09:00	31.4	0
2022-08-14T18:00:00.000+09:00	30.2	0
2022-08-14T19:00:00.000+09:00	29.6	0
2022-08-14T20:00:00.000+09:00	29.6	0
2022-08-14T21:00:00.000+09:00	27.8	0
2022-08-14T22:00:00.000+09:00	27.4	0
2022-08-14T23:00:00.000+09:00	26.6	0
2022-08-15T00:00:00.000+09:00	26.3	0
2022-08-15T01:00:00.000+09:00	26.0	0
2022-08-15T02:00:00.000+09:00	26.3	0
2022-08-15T03:00:00.000+09:00	26.8	0
2022-08-15T04:00:00.000+09:00	26.3	0
2022-08-15T05:00:00.000+09:00	26.4	0
2022-08-15T06:00:00.000+09:00	26.7	0
2022-08-15T07:00:00.000+09:00	27.6	0
2022-08-15T08:00:00.000+09:00	28.3	0
2022-08-15T09:00:00.000+09:00	29.6	0
2022-08-15T10:00:00.000+09:00	30.3	0
2022-08-15T11:00:00.000+09:00	31.9	0
2022-08-15T12:00:00.000+09:00	33.0	0
2022-08-15T13:00:00.000+09:00	32.4	0
2022-08-15T14:00:00.000+09:00	31.8	0
2022-08-15T15:00:00.000+09:00	32.9	0
2022-08-15T16:00:00.000+09:00	32.0	0
2022-08-15T17:00:00.000+09:00	31.1	0
2022-08-15T18:00:00.000+09:00	29.4	0
2022-08-15T19:00:00.000+09:00	30.2	0
2022-08-15T20:00:00.000+09:00	29.6	0
2022-08-15T21:00:00.000+09:00	29.8	0
2022-08-15T22:00:00.000+09:00	29.4	0
2022-08-15T23:00:00.000+09:00	29.3	0
2022-08-16T00:00:00.000+09:00	29.5	0
2022-08-16T01:00:00.000+09:00	29.1	0
2022-08-16T02:00:00.000+09:00	28.4	0
2022-08-16T03:00:00.000+09:00	28.3	0
2022-08-16T04:00:00.000+09:00	28.3	0
2022-08-16T05:00:00.000+09:00	28.4	0
2022-08-16T06:00:00.000+09:00	28.7	0
2022-08-16T07:00:00.000+09:00	29.1	0
2022-08-16T08:00:00.000+09:00	29.7	0
2022-08-16T09:00:00.000+09:00	30.5	0
2022-08-16T10:00:00.000+09:00	32.7	0
2022-08-16T11:00:00.000+09:00	32.6	0
2022-08-16T12:00:00.000+09:00	35.3	0
2022-08-16T13:00:00.000+09:00	35.9	0
2022-08-16T14:00:00.000+09:00	34.2	0
2022-08-16T15:00:00.000+09:00	33.9	0
2022-08-16T16:00:00.000+09:00	33.1	0
2022-08-16T17:00:00.000+09:00	32.2	0
2022-08-16T18:00:00.000+09:00	31.4	0
2022-08-16T19:00:00.000+09:00	30.7	0
2022-08-16T20:00:00.000+09:00	30.5	0
2022-08-16T21:00:00.000+09:00	30.4	0
2022-08-16T22:00:00.000+09:00	30.5	0
2022-08-16T23:00:00.000+09:00	29.7	0.0
2022-08-17T00:00:00.000+09:00	30.1	0
2022-08-17T01:00:00.000+09:00	29.3	0.0
2022-08-17T02:00:00.000+09:00	28.8	0.0
2022-08-17T03:00:00.000+09:00	28.5	0.0
2022-08-17T04:00:00.000+09:00	28.0	0
2022-08-17T05:00:00.000+09:00	27.1	0
2022-08-17T06:00:00.000+09:00	28.1	0
2022-08-17T07:00:00.000+09:00	27.7	0.0
2022-08-17T08:00:00.000+09:00	28.5	0.0
2022-08-17T09:00:00.000+09:00	29.3	0.0
2022-08-17T10:00:00.000+09:00	27.4	0.0
2022-08-17T11:00:00.000+09:00	28.5	0.0
2022-08-17T12:00:00.000+09:00	31.0	0.0
2022-08-17T13:00:00.000+09:00	30.5	0
2022-08-17T14:00:00.000+09:00	30.1	0.0
2022-08-17T15:00:00.000+09:00	26.7	1.0
2022-08-17T16:00:00.000+09:00	27.2	0.5
2022-08-17T17:00:00.000+09:00	25.3	3.5
2022-08-17T18:00:00.000+09:00	24.1	0.0
2022-08-17T19:00:00.000+09:00	26.0	0
2022-08-17T20:00:00.000+09:00	25.5	0
2022-08-17T21:00:00.000+09:00	24.9	0
2022-08-17T22:00:00.000+09:00	25.8	0
2022-08-17T23:00:00.000+09:00	23.9	0.0
2022-08-18T00:00:00.000+09:00	23.9	0.0
2022-08-18T01:00:00.000+09:00	24.4	0.0
2022-08-18T02:00:00.000+09:00	24.2	0
2022-08-18T03:00:00.000+09:00	24.6	0
2022-08-18T04:00:00.000+09:00	24.6	0.0
2022-08-18T05:00:00.000+09:00	24.5	0.0
2022-08-18T06:00:00.000+09:00	24.6	0.0
2022-08-18T07:00:00.000+09:00	25.4	0.5
2022-08-18T08:00:00.000+09:00	25.8	0.0
2022-08-18T09:00:00.000+09:00	25.4	3.0
2022-08-18T10:00:00.000+09:00	25.6	7.5
2022-08-18T11:00:00.000+09:00	25.7	2.0
2022-08-18T12:00:00.000+09:00	26.3	0.0
2022-08-18T13:00:00.000+09:00	26.5	0.0
2022-08-18T14:00:00.000+09:00	29.2	0
2022-08-18T15:00:00.000+09:00	30.5	0
2022-08-18T16:00:00.000+09:00	30.9	0
2022-08-18T17:00:00.000+09:00	29.6	0
2022-08-18T18:00:00.000+09:00	29.3	0
2022-08-18T19:00:00.000+09:00	28.1	0
2022-08-18T20:00:00.000+09:00	28.5	0
2022-08-18T21:00:00.000+09:00	27.0	0
2022-08-18T22:00:00.000+09:00	27.2	0
2022-08-18T23:00:00.000+09:00	26.9	0
2022-08-19T00:00:00.000+09:00	27.3	0
2022-08-19T01:00:00.000+09:00	26.7	0
2022-08-19T02:00:00.000+09:00	26.3	0
2022-08-19T03:00:00.000+09:00	26.3	0
2022-08-19T04:00:00.000+09:00	25.3	0
2022-08-19T05:00:00.000+09:00	23.6	0
2022-08-19T06:00:00.000+09:00	23.8	0
2022-08-19T07:00:00.000+09:00	25.6	0
2022-08-19T08:00:00.000+09:00	27.7	0
2022-08-19T09:00:00.000+09:00	29.2	0
2022-08-19T10:00:00.000+09:00	30.2	0
2022-08-19T11:00:00.000+09:00	30.3	0
2022-08-19T12:00:00.000+09:00	30.0	0
2022-08-19T13:00:00.000+09:00	31.9	0
2022-08-19T14:00:00.000+09:00	31.9	0
2022-08-19T15:00:00.000+09:00	31.0	0
2022-08-19T16:00:00.000+09:00	30.7	0
2022-08-19T17:00:00.000+09:00	28.7	0
2022-08-19T18:00:00.000+09:00	27.6	0
2022-08-19T19:00:00.000+09:00	27.1	0
2022-08-19T20:00:00.000+09:00	26.1	0
2022-08-19T21:00:00.000+09:00	26.0	0
2022-08-19T22:00:00.000+09:00	25.7	0
2022-08-19T23:00:00.000+09:00	24.8	0
2022-08-20T00:00:00.000+09:00	24.4	0
2022-08-20T01:00:00.000+09:00	24.0	0
2022-08-20T02:00:00.000+09:00	23.9	0
2022-08-20T03:00:00.000+09:00	24.5	0
2022-08-20T04:00:00.000+09:00	24.9	0
2022-08-20T05:00:00.000+09:00	24.9	0
2022-08-20T06:00:00.000+09:00	24.4	0
2022-08-20T07:00:00.000+09:00	25.1	0
2022-08-20T08:00:00.000+09:00	27.0	0
2022-08-20T09:00:00.000+09:00	28.0	0
2022-08-20T10:00:00.000+09:00	29.2	0
2022-08-20T11:00:00.000+09:00	30.3	0
2022-08-20T12:00:00.000+09:00	29.5	0
2022-08-20T13:00:00.000+09:00	29.5	0
2022-08-20T14:00:00.000+09:00	29.2	0.0
2022-08-20T15:00:00.000+09:00	28.8	0.0
2022-08-20T16:00:00.000+09:00	28.4	0.0
2022-08-20T17:00:00.000+09:00	26.8	0.0
2022-08-20T18:00:00.000+09:00	27.3	0.0
2022-08-20T19:00:00.000+09:00	26.2	0.0
2022-08-20T20:00:00.000+09:00	24.9	0.5
2022-08-20T21:00:00.000+09:00	25.0	0.5
2022-08-20T22:00:00.000+09:00	24.5	0.0
2022-08-20T23:00:00.000+09:00	24.3	0.0
2022-08-21T00:00:00.000+09:00	23.9	0.5
2022-08-21T01:00:00.000+09:00	24.2	0.5
2022-08-21T02:00:00.000+09:00	24.4	0
2022-08-21T03:00:00.000+09:00	24.5	0.0
2022-08-21T04:00:00.000+09:00	24.5	0.0
2022-08-21T05:00:00.000+09:00	24.3	0.0
2022-08-21T06:00:00.000+09:00	24.2	0
2022-08-21T07:00:00.000+09:00	24.9	0
2022-08-21T08:00:00.000+09:00	25.0	0.0
2022-08-21T09:00:00.000+09:00	25.2	0.0
2022-08-21T10:00:00.000+09:00	26.5	0.0
2022-08-21T11:00:00.000+09:00	26.2	0.5
2022-08-21T12:00:00.000+09:00	26.6	0
2022-08-21T13:00:00.000+09:00	27.7	0
2022-08-21T14:00:00.000+09:00	28.5	0
2022-08-21T15:00:00.000+09:00	28.7	0
2022-08-21T16:00:00.000+09:00	28.1	0
2022-08-21T17:00:00.000+09:00	27.3	0
2022-08-21T18:00:00.000+09:00	27.0	0
2022-08-21T19:00:00.000+09:00	26.5	0
2022-08-21T20:00:00.000+09:00	26.2	0
2022-08-21T21:00:00.000+09:00	25.9	0
2022-08-21T22:00:00.000+09:00	25.5	0
2022-08-21T23:00:00.000+09:00	25.3	0
2022-08-22T00:00:00.000+09:00	25.6	0
2022-08-22T01:00:00.000+09:00	25.4	0
2022-08-22T02:00:00.000+09:00	25.4	0
2022-08-22T03:00:00.000+09:00	23.7	0.0
2022-08-22T04:00:00.000+09:00	24.4	0
2022-08-22T05:00:00.000+09:00	24.3	0
2022-08-22T06:00:00.000+09:00	24.2	0.0
2022-08-22T07:00:00.000+09:00	24.2	0.0
2022-08-22T08:00:00.000+09:00	24.5	0.0
2022-08-22T09:00:00.000+09:00	24.9	0
2022-08-22T10:00:00.000+09:00	25.7	0
2022-08-22T11:00:00.000+09:00	25.9	0
2022-08-22T12:00:00.000+09:00	28.1	0
2022-08-22T13:00:00.000+09:00	28.5	0
2022-08-22T14:00:00.000+09:00	28.5	0
2022-08-22T15:00:00.000+09:00	27.9	0
2022-08-22T16:00:00.000+09:00	28.6	0
2022-08-22T17:00:00.000+09:00	28.4	0
2022-08-22T18:00:00.000+09:00	27.9	0
2022-08-22T19:00:00.000+09:00	27.4	0
2022-08-22T20:00:00.000+09:00	27.1	0
2022-08-22T21:00:00.000+09:00	26.8	0
2022-08-22T22:00:00.000+09:00	26.3	0
2022-08-22T23:00:00.000+09:00	26.0	0
2022-08-23T00:00:00.000+09:00	25.6	0
2022-08-23T01:00:00.000+09:00	25.4	0
2022-08-23T02:00:00.000+09:00	25.5	0
2022-08-23T03:00:00.000+09:00	24.9	0
2022-08-23T04:00:00.000+09:00	24.9	0
2022-08-23T05:00:00.000+09:00	25.2	0
2022-08-23T06:00:00.000+09:00	25.5	0
2022-08-23T07:00:00.000+09:00	26.5	0
2022-08-23T08:00:00.000+09:00	27.8	0
2022-08-23T09:00:00.000+09:00	29.3	0
2022-08-23T10:00:00.000+09:00	30.9	0
2022-08-23T11:00:00.000+09:00	31.7	0
2022-08-23T12:00:00.000+09:00	33.0	0
2022-08-23T13:00:00.000+09:00	31.7	0
2022-08-23T14:00:00.000+09:00	31.6	0
2022-08-23T15:00:00.000+09:00	30.9	0
2022-08-23T16:00:00.000+09:00	31.4	0
2022-08-23T17:00:00.000+09:00	30.8	0
2022-08-23T18:00:00.000+09:00	29.9	0
2022-08-23T19:00:00.000+09:00	29.2	0
2022-08-23T20:00:00.000+09:00	28.8	0
2022-08-23T21:00:00.000+09:00	28.7	0
2022-08-23T22:00:00.000+09:00	28.8	0
2022-08-23T23:00:00.000+09:00	28.4	0
2022-08-24T00:00:00.000+09:00	28.2	0
2022-08-24T01:00:00.000+09:00	27.9	0
2022-08-24T02:00:00.000+09:00	27.8	0
2022-08-24T03:00:00.000+09:00	27.3	0
2022-08-24T04:00:00.000+09:00	27.1	0
2022-08-24T05:00:00.000+09:00	26.5	0
2022-08-24T06:00:00.000+09:00	27.2	0
2022-08-24T07:00:00.000+09:00	28.6	0
2022-08-24T08:00:00.000+09:00	29.8	0
2022-08-24T09:00:00.000+09:00	31.5	0
2022-08-24T10:00:00.000+09:00	32.0	0
2022-08-24T11:00:00.000+09:00	31.3	0
2022-08-24T12:00:00.000+09:00	30.8	0.0
2022-08-24T13:00:00.000+09:00	29.2	0.0
2022-08-24T14:00:00.000+09:00	31.3	0.0
2022-08-24T15:00:00.000+09:00	29.9	0
2022-08-24T16:00:00.000+09:00	29.4	0
2022-08-24T17:00:00.000+09:00	28.3	0
2022-08-24T18:00:00.000+09:00	27.1	0.0
2022-08-24T19:00:00.000+09:00	24.7	0.0
2022-08-24T20:00:00.000+09:00	24.0	1.0
2022-08-24T21:00:00.000+09:00	25.2	0.0
2022-08-24T22:00:00.000+09:00	23.8	0.5
2022-08-24T23:00:00.000+09:00	23.3	0.5
2022-08-25T00:00:00.000+09:00	23.1	0
2022-08-25T01:00:00.000+09:00	23.7	0.0
2022-08-25T02:00:00.000+09:00	23.8	0
2022-08-25T03:00:00.000+09:00	23.8	0
2022-08-25T04:00:00.000+09:00	23.8	0.0
2022-08-25T05:00:00.000+09:00	23.7	0
2022-08-25T06:00:00.000+09:00	24.1	0
2022-08-25T07:00:00.000+09:00	24.7	0
2022-08-25T08:00:00.000+09:00	24.5	0
2022-08-25T09:00:00.000+09:00	24.9	0
2022-08-25T10:00:00.000+09:00	25.9	0
2022-08-25T11:00:00.000+09:00	25.6	0
2022-08-25T12:00:00.000+09:00	28.0	0
2022-08-25T13:00:00.000+09:00	28.7	0
2022-08-25T14:00:00.000+09:00	28.1	0
2022-08-25T15:00:00.000+09:00	27.4	0
2022-08-25T16:00:00.000+09:00	28.4	0
2022-08-25T17:00:00.000+09:00	27.6	0
2022-08-25T18:00:00.000+09:00	26.9	0
2022-08-25T19:00:00.000+09:00	26.3	0
2022-08-25T20:00:00.000+09:00	25.3	0.0
2022-08-25T21:00:00.000+09:00	25.6	0.0
2022-08-25T22:00:00.000+09:00	25.5	0
2022-08-25T23:00:00.000+09:00	25.5	0
2022-08-26T00:00:00.000+09:00	25.7	0
2022-08-26T01:00:00.000+09:00	25.6	0
2022-08-26T02:00:00.000+09:00	25.5	0.0
2022-08-26T03:00:00.000+09:00	24.4	0.0
2022-08-26T04:00:00.000+09:00	24.4	0.0
2022-08-26T05:00:00.000+09:00	24.6	0.0
2022-08-26T06:00:00.000+09:00	25.2	0
2022-08-26T07:00:00.000+09:00	25.6	0
2022-08-26T08:00:00.000+09:00	26.0	0
2022-08-26T09:00:00.000+09:00	26.4	0
2022-08-26T10:00:00.000+09:00	28.3	0
2022-08-26T11:00:00.000+09:00	28.5	0
2022-08-26T12:00:00.000+09:00	29.4	0
2022-08-26T13:00:00.000+09:00	30.4	0
2022-08-26T14:00:00.000+09:00	30.3	0
2022-08-26T15:00:00.000+09:00	29.6	0.0
2022-08-26T16:00:00.000+09:00	27.4	3.5
2022-08-26T17:00:00.000+09:00	27.4	0
2022-08-26T18:00:00.000+09:00	27.0	0
2022-08-26T19:00:00.000+09:00	26.7	0
2022-08-26T20:00:00.000+09:00	27.2	0
2022-08-26T21:00:00.000+09:00	27.2	0
2022-08-26T22:00:00.000+09:00	26.9	0
2022-08-26T23:00:00.000+09:00	27.4	0
2022-08-27T00:00:00.000+09:00	27.1	0
2022-08-27T01:00:00.000+09:00	26.8	0
2022-08-27T02:00:00.000+09:00	26.8	0
2022-08-27T03:00:00.000+09:00	26.7	0
2022-08-27T04:00:00.000+09:00	26.8	0.0
2022-08-27T05:00:00.000+09:00	26.8	0.0
2022-08-27T06:00:00.000+09:00	26.6	0.0
2022-08-27T07:00:00.000+09:00	26.9	0
2022-08-27T08:00:00.000+09:00	28.4	0
2022-08-27T09:00:00.000+09:00	30.6	0
2022-08-27T10:00:00.000+09:00	31.3	0
2022-08-27T11:00:00.000+09:00	31.5	0
2022-08-27T12:00:00.000+09:00	32.6	0
2022-08-27T13:00:00.000+09:00	33.1	0
2022-08-27T14:00:00.000+09:00	32.2	0
2022-08-27T15:00:00.000+09:00	31.0	0
2022-08-27T16:00:00.000+09:00	31.4	0
2022-08-27T17:00:00.000+09:00	30.0	0
2022-08-27T18:00:00.000+09:00	29.0	0
2022-08-27T19:00:00.000+09:00	28.4	0
2022-08-27T20:00:00.000+09:00	28.0	0
2022-08-27T21:00:00.000+09:00	27.9	0
2022-08-27T22:00:00.000+09:00	27.6	0
2022-08-27T23:00:00.000+09:00	28.0	0
2022-08-28T00:00:00.000+09:00	27.7	0
2022-08-28T01:00:00.000+09:00	27.6	0
2022-08-28T02:00:00.000+09:00	27.1	0
2022-08-28T03:00:00.000+09:00	26.0	0
2022-08-28T04:00:00.000+09:00	26.1	0
2022-08-28T05:00:00.000+09:00	25.7	0.0
2022-08-28T06:00:00.000+09:00	25.3	0
2022-08-28T07:00:00.000+09:00	25.3	0.0
2022-08-28T08:00:00.000+09:00	24.6	0.0
2022-08-28T09:00:00.000+09:00	22.9	1.5
2022-08-28T10:00:00.000+09:00	22.7	1.5
2022-08-28T11:00:00.000+09:00	22.4	1.0
2022-08-28T12:00:00.000+09:00	23.3	0.5
2022-08-28T13:00:00.000+09:00	22.3	0.5
2022-08-28T14:00:00.000+09:00	22.6	0.0
2022-08-28T15:00:00.000+09:00	23.0	0.0
2022-08-28T16:00:00.000+09:00	23.1	0
2022-08-28T17:00:00.000+09:00	22.9	0
2022-08-28T18:00:00.000+09:00	22.8	0
2022-08-28T19:00:00.000+09:00	22.4	0
2022-08-28T20:00:00.000+09:00	22.3	0
2022-08-28T21:00:00.000+09:00	22.1	0
2022-08-28T22:00:00.000+09:00	22.0	0
2022-08-28T23:00:00.000+09:00	21.8	0
2022-08-29T00:00:00.000+09:00	21.7	0
2022-08-29T01:00:00.000+09:00	21.4	0
2022-08-29T02:00:00.000+09:00	21.8	0
2022-08-29T03:00:00.000+09:00	21.7	0
2022-08-29T04:00:00.000+09:00	21.6	0
2022-08-29T05:00:00.000+09:00	21.3	0
2022-08-29T06:00:00.000+09:00	21.3	0
2022-08-29T07:00:00.000+09:00	22.1	0
2022-08-29T08:00:00.000+09:00	23.8	0
2022-08-29T09:00:00.000+09:00	25.0	0
2022-08-29T10:00:00.000+09:00	25.3	0
2022-08-29T11:00:00.000+09:00	26.1	0
2022-08-29T12:00:00.000+09:00	26.2	0.0
2022-08-29T13:00:00.000+09:00	27.2	0
2022-08-29T14:00:00.000+09:00	26.6	0
2022-08-29T15:00:00.000+09:00	25.9	0
2022-08-29T16:00:00.000+09:00	25.0	0.0
2022-08-29T17:00:00.000+09:00	24.7	0.0
2022-08-29T18:00:00.000+09:00	23.8	0.0
2022-08-29T19:00:00.000+09:00	20.2	0.5
2022-08-29T20:00:00.000+09:00	21.2	0
2022-08-29T21:00:00.000+09:00	21.8	0
2022-08-29T22:00:00.000+09:00	22.0	0.0
2022-08-29T23:00:00.000+09:00	21.7	0
2022-08-30T00:00:00.000+09:00	22.0	0.0
2022-08-30T01:00:00.000+09:00	21.7	0.0
2022-08-30T02:00:00.000+09:00	21.2	0
2022-08-30T03:00:00.000+09:00	20.7	0.0
2022-08-30T04:00:00.000+09:00	20.4	0.0
2022-08-30T05:00:00.000+09:00	20.3	0.0
2022-08-30T06:00:00.000+09:00	20.8	0.0
2022-08-30T07:00:00.000+09:00	21.2	0.0
2022-08-30T08:00:00.000+09:00	21.8	0.0
2022-08-30T09:00:00.000+09:00	22.7	0
2022-08-30T10:00:00.000+09:00	24.6	0
2022-08-30T11:00:00.000+09:00	25.9	0
2022-08-30T12:00:00.000+09:00	25.0	0.0
2022-08-30T13:00:00.000+09:00	25.6	0.0
2022-08-30T14:00:00.000+09:00	25.6	0.0
2022-08-30T15:00:00.000+09:00	25.1	0.0
2022-08-30T16:00:00.000+09:00	23.9	0.5
2022-08-30T17:00:00.000+09:00	23.3	0.5
2022-08-30T18:00:00.000+09:00	23.1	0.0
2022-08-30T19:00:00.000+09:00	22.6	1.0
2022-08-30T20:00:00.000+09:00	22.6	0.0
2022-08-30T21:00:00.000+09:00	22.5	0.0
2022-08-30T22:00:00.000+09:00	22.3	2.5
2022-08-30T23:00:00.000+09:00	22.5	0.0
2022-08-31T00:00:00.000+09:00	22.4	0.5
2022-08-31T01:00:00.000+09:00	22.5	0
2022-08-31T02:00:00.000+09:00	22.6	0.0
2022-08-31T03:00:00.000+09:00	22.4	0.0
2022-08-31T04:00:00.000+09:00	22.7	0.5
2022-08-31T05:00:00.000+09:00	22.7	0.0
2022-08-31T06:00:00.000+09:00	23.2	0.0
2022-08-31T07:00:00.000+09:00	23.7	0.5
2022-08-31T08:00:00.000+09:00	24.5	0.0
2022-08-31T09:00:00.000+09:00	26.6	0.0
2022-08-31T10:00:00.000+09:00	28.0	0.0
2022-08-31T11:00:00.000+09:00	29.5	0
2022-08-31T12:00:00.000+09:00	31.4	0
2022-08-31T13:00:00.000+09:00	31.6	0
2022-08-31T14:00:00.000+09:00	31.3	0
2022-08-31T15:00:00.000+09:00	31.9	0
2022-08-31T16:00:00.000+09:00	31.4	0
2022-08-31T17:00:00.000+09:00	30.1	0
2022-08-31T18:00:00.000+09:00	28.8	0
2022-08-31T19:00:00.000+09:00	28.0	0
2022-08-31T20:00:00.000+09:00	27.9	0
2022-08-31T21:00:00.000+09:00	27.8	0
2022-08-31T22:00:00.000+09:00	27.4	0
2022-08-31T23:00:00.000+09:00	27.4	0
